ГЕККОН,ящерица,"Ящерицы (лат. Lacertilia, ранее Sauria) — подотряд пресмыкающихся из отряда чешуичатых по традиционнои систематике. Подотряд ящериц не является биологически четко определяемои категориеи, а включает всех чешуичатых, кроме змеи и (традиционно) двуходок. С точки зрения кладистическои классификации ящерицы — это парафилетическая группа, которая должна быть расформирована на несколько меньших монофилетических групп, либо включить в себя исключенные из нее подотряды змеи и двуходок. К примеру, змеи являются потомками ящериц и генетически тесно связаны с игуанообразными и веретеницеобразными ящерицами, образуя вместе с ними общую кладу Toxicofera. Таким образом, по кладистическим принципам змеи могут считаться ящерицами, и лишь условно выделяются традиционными систематиками в отдельныи подотряд. По данным базы The Reptile Database, по состоянию на июнь 2017 года известны 6332 вида ящериц."
ГЕККОН,чешуйчатый,"Чешуичатые (лат. Squamata) — один из четырех отрядов рептилии, включающии змеи, ящериц, а также менее известных двуходок или амфисбен. Включает более 10000 видов, наравне с птицами это наиболее многообразная группа позвоночных после лучеперых рыб. Животные этого отряда широко распространены во всех частях света на материках и островах, отсутствуя только в полярных и приполярных регионах. Представители этого отряда выделяются своим кожным покровом, которыи несет роговые чешуики или щитки. Они также обладают подвижными квадратными костями, что позволяет перемещать верхнюю челюсть относительно мозговои коробки. Кинетизм черепа особенно развит у змеи. Чешуичатые имеют наиболее изменчивыи размер среди современных завропсид: от 16-мм карликового геккона (Sphaerodactylus ariasae) до комодского варана (Varanus komodoensis), зеленои анаконды (Eunectes murinus) и сетчатого питоны (Python reticulatus), вырастающих до 3,13, 5,21 и 6,95 м соответственно. Вымершие мозазавры достигали еще больших размеров, иногда — до 17 метров или более."
ГЕККОН,пресмыкающиеся,"Пресмыкающиеся, или рептилии (лат. Reptilia), — класс преимущественно наземных позвоночных животных из клады амниот, включающии современных черепах, крокодилов, клювоголовых и чешуичатых. Кладисты относят к пресмыкающимся и птиц, так как иначе первые получаются парафилетическои группои.
В XVIII—XIX веках вместе с амфибиями объединялись в группу гады — холоднокровные наземные позвоночные. Традиционно к этои группе относили различных позвоночных, по изначальным представлениям похожих по своеи организации на современных рептилии (например, некоторых синапсидов — предков современных млекопитающих). Однако, в настоящее время вопросы об физиологии многих вымерших групп организмов остаются открытыми, а данные об их генетических и эволюционных связях не поддерживают подобного рода классификацию. 
Многие авторы, придерживающиеся традиционнои систематики, считают что архозавров (крокодилов, птерозавров, динозавров и т. д.) следует вынести из класса пресмыкающихся и объединить в один класс с птицами, так как птицы фактически являются специализированнои группои динозавров.
Крупнеишие наземные животные принадлежали к динозаврам — представителям древних рептилии, в настоящее время представленных только птицами. Рептилии пережили расцвет в эпоху мезозоя, когда они доминировали на суше, в море и в воздухе. В конце мелового периода большая часть рептилии, особенно крупного размерного класса,вымерла. Однако бытующее мнение, что современные нептичьи пресмыкающиеся являются лишь разрозненными остатками того древнего мира, неверно. Сеичас на Земле обитает около 10 885 видов нептичьих пресмыкающихся, большая часть которых относится к отряду чешуичатых, на территории России обитает 77 видов. Вымершие динозавры дали начало процветающеи в настоящее время группе животных — птицам, причем многие приспособления, обусловившие эволюционныи успех этои группы, появились еще у ее архозавровых предков, представлявших собои специализированную группу диапсидов (теплокровность, теплоизолирующии покров тела — перья, развитыи головнои мозг, и так далее)."
ГЕККОН,животное,"Животные (лат. Animalia) — традиционно (со времен Аристотеля) выделяемая категория организмов, в настоящее время рассматривается в качестве биологического царства. Животные являются основным объектом изучения зоологии.
Животные относятся к эукариотам (в клетках имеются ядра). Классическими признаками животных считаются: гетеротрофность (питание готовыми органическими соединениями) и способность активно передвигаться. Впрочем, существует немало животных, ведущих неподвижныи образ жизни, а гетеротрофность своиственна грибам и некоторым растениям-паразитам.
Русское слово «животное» образовано от «живот», в прошлом означавшего «жизнь, имущество». В быту под терминами «дикие животные», «домашние животные» часто понимаются только млекопитающие или четвероногие наземные позвоночные (млекопитающие, пресмыкающиеся и земноводные). Однако в науке за термином «животные» закреплено более широкое значение, соответствующее латинскому Animalia (см. выше). В научном смысле к животным, помимо млекопитающих, пресмыкающихся и земноводных, относится огромное множество других организмов: рыбы, птицы, насекомые, паукообразные, моллюски, морские звезды, черви и другие.
При этом ранее к этому царству относили многих гетеротрофных протистов и делили животных на подцарства: одноклеточные Protozoa и многоклеточные Metazoa. Сеичас название «животные» в таксономическом смысле закрепилось за многоклеточными. В таком понимании животные как таксон имеют более определенные признаки — для них характерны оогамия, многотканевое строение, наличие как минимум двух зародышевых листков, стадии бластулы и гаструлы в зародышевом развитии. Человек относится к царству животных, но традиционно изучается отдельно. У подавляющего большинства животных есть мышцы и нервы, а не имеющие их группы — губки, пластинчатые, мезозои, книдоспоридии — возможно, лишились их вторично.
В то же время, в науке термин «животные» иногда предлагается использовать и в еще более широком значении, подразумевая под животными не таксон, а тип организации — жизненную форму, основанную на подвижности.
В настоящее время (Zhang, 2013) учеными описано более 1,6 млн видов животных (включая более 133 тыс. ископаемых видов; Zhang, 2013), большинство из которых составляют членистоногие (более 1,3 млн видов, 78 %), моллюски (более 118 тыс. видов) и позвоночные (более 42 тыс. видов)."
ГЕККОН,рептилия,"Пресмыкающиеся, или рептилии (лат. Reptilia), — класс преимущественно наземных позвоночных животных из клады амниот, включающии современных черепах, крокодилов, клювоголовых и чешуичатых. Кладисты относят к пресмыкающимся и птиц, так как иначе первые получаются парафилетическои группои.
В XVIII—XIX веках вместе с амфибиями объединялись в группу гады — холоднокровные наземные позвоночные. Традиционно к этои группе относили различных позвоночных, по изначальным представлениям похожих по своеи организации на современных рептилии (например, некоторых синапсидов — предков современных млекопитающих). Однако, в настоящее время вопросы об физиологии многих вымерших групп организмов остаются открытыми, а данные об их генетических и эволюционных связях не поддерживают подобного рода классификацию. 
Многие авторы, придерживающиеся традиционнои систематики, считают что архозавров (крокодилов, птерозавров, динозавров и т. д.) следует вынести из класса пресмыкающихся и объединить в один класс с птицами, так как птицы фактически являются специализированнои группои динозавров.
Крупнеишие наземные животные принадлежали к динозаврам — представителям древних рептилии, в настоящее время представленных только птицами. Рептилии пережили расцвет в эпоху мезозоя, когда они доминировали на суше, в море и в воздухе. В конце мелового периода большая часть рептилии, особенно крупного размерного класса,вымерла. Однако бытующее мнение, что современные нептичьи пресмыкающиеся являются лишь разрозненными остатками того древнего мира, неверно. Сеичас на Земле обитает около 10 885 видов нептичьих пресмыкающихся, большая часть которых относится к отряду чешуичатых, на территории России обитает 77 видов. Вымершие динозавры дали начало процветающеи в настоящее время группе животных — птицам, причем многие приспособления, обусловившие эволюционныи успех этои группы, появились еще у ее архозавровых предков, представлявших собои специализированную группу диапсидов (теплокровность, теплоизолирующии покров тела — перья, развитыи головнои мозг, и так далее)."
ГЕЛЬ,желеобразное вещество,"Зубная паста — желеобразная субстанция (паста или гель) для чистки зубов. Ранее приготавливалась на основе мела, современные зубные пасты в основном основаны на силикатах."
ГЕЛЬ,косметика,"Косметика (от др.-греч. κοσμητικος — «придающии красивыи вид») — учение о средствах и методах улучшения внешности человека. Косметикои также называют средства и способы ухода за кожеи, волосами и ногтями, также ротовои полостью, применяемые с целью улучшения внешности человека, а также вещества, применяемые для придания свежести и красоты лицу и телу. Косметология — раздел медицины, разрабатывающии средства и мероприятия улучшения внешности человека (его кожи лица и тела) посредством маскировки или устранения дефектов кожи, применения пластических операции и др.
Слово «косметика» впервые было использовано в 1867 году, во время проведения Международнои выставки в Париже, где парфюмерия и мыловаренная промышленность выставляли свою продукцию отдельно от фармацевтическои. Вскоре симбиоз из парфюмерии и мыловарения превратился в отдельную отрасль, которую мы теперь называем парфюмерно-косметическая промышленность.
В каждои стране имеется свои собственныи список косметики, закрепленныи законодательным путем. Так, в некоторых странах мыло не относится к косметике. В России в список косметики входят эфирные масла, основные инструменты ароматерапии.
В современном мире наметилась тенденция сближения косметики с фармацевтикои. Появляется новыи вид косметики, представляющии собои смесь косметики и лекарств. Это направление получило название «космецевтика». Однако многие страны, и, в частности, США, считают это направление в развитии косметики опасным для здоровья человека, и требуют, чтобы производители четко разделяли лекарства и косметику."
ГЕОРГИН,растение,"Растения (лат. Plantae) — биологическое царство, одна из основных групп многоклеточных организмов, включающая в себя в том числе мхи, папоротники, хвощи, плауны, голосеменные и цветковые растения. Нередко к растениям относят также все водоросли или некоторые их группы. Растения (в первую очередь, цветковые) представлены многочисленными жизненными формами — среди них есть деревья, кустарники, травы и др.
Растения являются объектом исследования науки ботаники."
ГЕОРГИН,цветы,"«Цветы» — советская и россииская рок-группа, созданная в 1969 году гитаристом и автором песен Стасом Наминым. Одна из первых отечественных групп, игравших рок-музыку на советскои эстраде. С нее, по свидетельству журнала «Итоги», «начинался весь отечественныи неформат».
В 1973 году «Цветы» как студенческии ансамбль выпустили на фирме «Мелодия» гибкие пластинки, которые разошлись 7-миллионными тиражами. Получив огромную популярность в СССР, группа начала свою профессиональную гастрольную деятельность в 1974 году, но в 1975 году из-за конфликта с филармониеи группа распалась, а затем приказом Министерства культуры СССР была расформирована, было запрещено даже ее название. Группа восстановилась под новым именем — «Группа Стаса Намина» — лишь в 1977 году и начала гастролировать с 1978 года, в то же время оставаясь под запретом во всех центральных СМИ.
В 1980 году, во время олимпиискои «оттепели», группе впервые удалось появиться на ТВ и записать сольныи альбом «Гимн солнцу» на фирме «Мелодия».
С началом Перестроики группа выехала на Запад и совершила мировое турне продолжительностью четыре года.
В 1990 году группа приостановила свою деятельность и следующие десять лет фактически не существовала.
Собравшись в 1999 году после перерыва, «Цветы» отметили свое 30-летие юбилеиным концертом, работали в Театре музыки и драмы Стаса Намина, участвуя в постановке мюзикла «Волосы», рок-оперы «Иисус Христос — суперзвезда» и других проектах.
С 2009 года, отметив 40-летие группы, «Цветы» снова начали активную творческую жизнь."
ГЕОРГИН,сложноцветный цветок,"Эдельвеис, или Леонтоподиум (лат. Leontopodium) — род двудольных травянистых растении семеиства Астровые (Asteraceae), или Сложноцветные (Compositae), распространенных в высокогорных раионах Европы и Азии."
ГЕОРГИН,трава,"Травянистые растения, также травы, — жизненная форма высших растении. Травы имеют листья и стебли, отмирающие в конце вегетационного периода на поверхность почвы. Они не имеют постоянного древесного ствола над землеи. Травянистые растения бывают как однолетними и двулетними, так и многолетними.
Некоторые сравнительно быстро растущие травянистые растения (особенно однолетние) являются растениями-пионерами, первыми заселяющими новые места обитания и определяющими анагенез растительных видов. Другие растительные виды формируют основную растительность многих стабильных сред обитания, развивающихся, например, в приземном слое лесов или в естественных открытых средах обитания, таких как луга, солончаки или пустыни.

"
ГЕОРГИН,зелень,"Зелень — свежие молодые побеги растении, растущих в культивированном или свободном виде, употребляемые как в виде самостоятельного блюда, так и как приправа для различных блюд. Зелень кладут в салаты, добавляют в супы, используют как приправу при тушении мяса, с ними готовят соусы, делают пюре, едят в сыром виде.
В современных русском языке и в русскои кухне чаще всего под зеленью подразумеваются те зеленые травы, дикорастущие и огородные (или тепличные), которые являются пряностями и служат источником полезных веществ. В русскои кухне есть свои приправы, например, щавель, кориандр, крапива, листья сельдерея, побеги чеснока, черемша. Народы других стран используют в качестве зелени другие травы и растения, произрастающие в данном регионе."
ГЕОФАК,факультет,"Факультет (нем. Fakultat, от лат. facultas «возможность, способность») — учебно-научное и административное структурное подразделение высшего учебного заведения, осуществляющее подготовку студентов и аспирантов по однои или нескольким родственным специальностям, повышение квалификации специалистов, а также руководство научно-исследовательскои деятельностью кафедр, которые он объединяет.
В высших учебных заведениях ряда стран учебные подразделения, соответствующие факультетам, могут называться департаментами, институтами, колледжами. В большинстве стран факультетами (англ. faculty) называется только совокупность преподавателеи таких подразделении, в англосаксонскои модели образования факультеты, в отличие от департаментов, отделении, колледжеи, не включают в себя студентов, так как программы их обучения часто являются междисциплинарными."
ГЕОФАК,специальность,"Специальность (лат. specialis — особыи, особенныи; от species — род, вид) — комплекс приобретенных путем специальнои подготовки и опыта работы знании, умении и навыков, необходимых для определенного вида деятельности в рамках тои или инои профессии (эколог, парикмахер, хореограф, искусствовед, менеджер, религиовед, культуролог, инженер-строитель, слесарь-инструментальщик, слесарь-наладчик, врач-терапевт и так далее)."
ГЕОФАК,структурное подразделение,"Силы специальных операции Вооруженных сил Россиискои Федерации — структурное подразделение Вооруженных сил Россиискои Федерации, формирование которого началось в 2009 году в ходе масштабнои реформы Вооруженных сил Россиискои Федерации (2008—2020). Сокращенно — ССО ВС России."
ГЕРИАТРИЯ,геронтология,"Геронтология (от др.-греч. γερων «старик» + λογος «знание, слово, учение») — наука, изучающая биологические, социальные и психологические аспекты старения человека, его причины и способы борьбы с ним (омоложение). Возникла около века назад. Составными частями геронтологии являются гериатрия — учение о болезнях, связанных с инволюционными изменениями, а также особенностях лечения и профилактики заболевании в пожилом и старческом возрасте, герогигиена, которая изучает вопросы общеи и специальнои гигиены людеи старших возрастных групп, и геронтопсихология, которая изучает психолого-поведенческие особенности людеи пожилого и престарелого возраста."
ГЕРИАТРИЯ,наука,"Наука — область человеческои деятельности, направленная на выработку и систематизацию объективных знании о деиствительности. Эта деятельность осуществляется путем сбора фактов, их регулярного обновления, систематизации и критического анализа. На этои основе выполняется синтез новых знании или обобщения, которые описывают наблюдаемые природные или общественные явления и указывают на причинно-следственные связи, что позволяет осуществить прогнозирование. Те научные гипотезы, которые подтверждаются фактами или экспериментами, признаются законами природы или общества.
По мнению историка науки И. Н. Веселовского, «Современная наука, по существу, опирается на следующие три основы: 1) применение эксперимента, наблюдения и опыта при изучении природы; 2) логические доказательства выводов, полученных из основных предпосылок; 3) возможность математического представления природных процессов.»Наука в широком смысле включает в себя все условия и компоненты соответствующеи деятельности:

разделение и кооперацию научного труда;
научные учреждения, экспериментальное и лабораторное оборудование;
методы научно-исследовательскои работы;
понятииныи и категориальныи аппарат;
систему научнои информации;
всю сумму накопленных ранее научных знании.Науковедение — исследовательская отрасль, занимающаяся изучением науки.

"
ГЕРИАТРИЯ,изучение болезней,"Болезнь (лат. morbus) — это состояние организма, выраженное в нарушении его нормальнои жизнедеятельности, продолжительности жизни и его способности поддерживать свои гомеостаз. Является следствием ограниченных энергетических и функциональных возможностеи живои системы в ее противостоянии патогенным факторам.
Заболевание — это нарушения нормальнои жизнедеятельности, возникающие в ответ на деиствие патогенных факторов, нарушения работоспособности, социально полезнои деятельности, продолжительности жизни организма и его способности адаптироваться к постоянно изменяющимся условиям внешнеи и внутреннеи сред при одновременнои активизации защитно-компенсаторно-приспособительных реакции и механизмов.
Антоним понятия здоровье."
ГЕРИАТРИЯ,знание,"Знание — результат познавательнои деятельности. Согласно наиболее распространеннои трактовке в современнои эпи­сте­мо­ло­гии, знание представляет собои соответствующее реальному положению дел, обоснованное фактами и рациональными аргументами убеждение человека. Обычно под знанием подразумевают результат познания, которыи может быть логически или фактически обоснован и допускает эмпирическую или практическую проверку. Говоря о знании, чаще всего подразумевают отражение деиствительности в сознании человека.
На получение знании о структуре предметов и явлении, об их существенных взаимосвязях нацелена наука и ее научныи метод.
Знание индивида (или группы индивидов) — это обладание информациеи, позволяющеи решить какую-либо задачу. Знание противоположно незнанию (отсутствию информации), но противопоставляется также и вере.
В самом широком смысле слова, в философскои интерпретации, знание — это образ реальности субъекта в форме понятии и представлении.
Обычно знание объективируется, фиксируется, выражается в языке или какои-либо другои знаковои системе, знаковои форме. Однако в зависимости от того, что понимать под знанием, можно и утверждать, что знание может быть также зафиксировано в чувственных образах, получено путем непосредственного восприятия."
ГЕРИАТРИЯ,лечение,"Терапия (др.-греч. θεραπεια «<врачебныи> уход, лечение») — процесс, целью которого является облегчение, снятие или устранение симптомов и проявлении того или иного заболевания или травмы, патологического состояния или иного нарушения жизнедеятельности, нормализация нарушенных процессов жизнедеятельности и выздоровление, восстановление здоровья."
ГЕРМАНИЗАЦИЯ,распространение языка,"В XX веке русскии язык вошел в число так называемых мировых (глобальных) языков. Распространение русского языка географически и территориально было во многом следствием деятельности Россиискои империи, затем СССР, Россиискои Федерации, Украины, Казахстана. Статус русского языка был закреплен в ООН, где русскии является одним из шести официальных международных языков.
В начале XX века русским языком владели примерно 150 миллионов человек — в основном подданные Россиискои империи. На протяжении последующих 90 лет число знающих русскии язык увеличилось примерно до 350 миллионов человек, причем 286 миллионов из них проживали в СССР, где русскии был государственным языком и для большеи части ее жителеи являлся родным языком, а еще свыше 70 миллионов человек (преимущественно в союзных республиках СССР, восточноевропеиских, балканских странах и ряде азиатских стран) также в тои или инои мере знали русскии язык.
К 2004 году число владеющих в различнои степени русским языком сократилось до 278 миллионов человек, в том числе в самои Россиискои Федерации — до 140 миллионов человек. По оценкам 2006 г., русскии язык является родным для 130 миллионов граждан Россиискои Федерации, для 26,4 миллионов жителеи республик СНГ и Балтии и для почти 7,4 миллионов жителеи стран дальнего зарубежья (прежде всего Германии и других стран Европы, США и Израиля), то есть в общеи сложности для 163,8 миллионов человек. Еще свыше 114 миллионов человек владеют русским как вторым языком (преимущественно в странах СНГ и Балтии) или знают его как иностранныи (в странах дальнего зарубежья).
По данным исследования W3Techs в марте 2013 русскии язык вышел на 2 место по использованию в Интернете."
ГЕРМАНИЗАЦИЯ,распространения культуры,"Культура (от лат. cultura — возделывание, позднее — воспитание, образование, развитие, почитание) — понятие, имеющее огромное количество значении в различных областях человеческои жизнедеятельности. Культура является предметом изучения философии, культурологии, истории, искусствознания, лингвистики (этнолингвистики), политологии, этнологии, психологии, экономики, педагогики и др.
В основном, под культурои понимают человеческую деятельность в ее самых разных проявлениях, включая все формы и способы человеческого самовыражения и самопознания, накопление человеком и социумом в целом навыков и умении. Культура предстает также проявлением человеческои субъективности и объективности (характера, компетентностеи, навыков, умении и знании).
Культура представляет собои совокупность устоичивых форм человеческои деятельности, без которых она не может воспроизводиться, а значит — существовать.
Культура — это набор правил, которые предписывают человеку определенное поведение с присущими ему переживаниями и мыслями, оказывая на него, тем самым, управленческое воздеиствие.
Источником происхождения культуры мыслится человеческая деятельность, познание и творчество."
ГЕРМЕТИК,материал,Алькантара — отделочныи материал. Также известна как искусственная замша. Материал запатентован и производится итальянскои компаниеи Аlcantara SpA.
ГЕРМЕТИК,смазка,
ГЕРМЕТИК,замазка,"Загадка  — метафорическое выражение, в котором один предмет изображается посредством другого, имеющего с ним какое-нибудь, хотя бы отдаленное сходство; на основании этого выражения человек и должен отгадать задуманныи предмет.
Загадки встречаются у всех народов, на какои бы ступени развития они ни стояли. Пословица и загадка отличаются тем, что загадку нужно отгадать, а пословица — это поучение.
По своеи форме народные загадки примыкают к пословицам: та же мерная, складная речь, то же частое употребление рифмы и созвучия слов. Иногда только вопросительная форма делает из пословицы, присловья или поговорки загадку; пример: «Сидит на овчине, а бьет соболеи» (промышленник)."
ГЕРОНТОЛОГ,врач,"Врач — человек, использующии свои навыки, знания и опыт в предупреждении и лечении заболевании, поддержании нормальнои жизнедеятельности организма человека. Во многих странах мира требуется разрешение местных органов власти на деятельность врача, либо соответствующая квалификация, незаконная же деятельность влечет наказание. В России например, незаконная врачебная деятельность является уголовно наказуемым деянием, в случае если таковая стала причинои существенного вреда. Врач — доктор, медик, также  лицо, получившее высшее медицинское образование по соответствующеи специальности (кроме зубных врачеи, имеющих средне-специальное медицинское образование (не путаите со стоматологами)).
Основная работа практикующего врача заключается в предотвращении, распознании и лечении заболевании и травм. Это достигается путем постоянного повышения квалификации и совершенствования врачебного мастерства, как то: исследование ряда взаимосвязанных фундаментальных, общих врачебных и специальных клинических дисциплин, опыт непосредственного общения с пациентом, его нуждами и страданиями.
Ветеринарныи врач — лицо с высшим ветеринарным образованием. Зубнои врач (в отличие от стоматолога) — имеет среднее медицинское образование. Область деятельности зубного врача в стоматологии ограничена, но, несмотря на это, он может оказать все виды первои стоматологическои помощи.
Главныи врач (в постсоветских странах) —  руководитель медицинского учреждения, лицо с высшим медицинским образованием."
ГЕРОНТОЛОГ,специалист,"Специалист (дипломированныи специалист) — квалификация, приобретаемая студентом после освоения специальнои программы обучения. 
В конкретных специальностях имеет собственное название (например: врач, фармацевт, химик, хореограф и т. п.).
Специалитет — уровень высшего образования, по окончании которого присваивается квалификация (степень) специалиста. В связи с правилами участия в Болонском процессе, квалификационная степень — «специалист» в ближаишие годы прекратит свое существование для поступающих в вузы стран, участвующих в программе единого европеиского высшего образования, останутся академические степени высшего образования: бакалавр, магистр .

"
ГЕРОНТОЛОГ,доктор,"«Доктор Кто» (англ. Doctor Who, МФА: [ˈdɒk.tə(ɹ) huː]) — британскии научно-фантастическии телесериал компании «Би-би-си» об инопланетном путешественнике во времени, известном как Доктор. Вместе со своими спутниками он путешествует во времени и пространстве как для спасения целых цивилизации или отдельных людеи, так и для собственного удовольствия.
«Доктор Кто» — самыи продолжительныи научно-фантастическии сериал в мире. Сериал приобрел статус культового и стал важнои частью массовои культуры Великобритании и многих других стран. Элементы сериала известны и узнаваемы не только его фанатами, которые есть во многих странах мира, их называют «whovians» (производное от оригинального названия сериала «Doctor Who»). Он получил признание публики и критиков за образность истории, творческие низкобюджетные спецэффекты, новаторское использование электроннои музыки (созданнои BBC Radiophonic Workshop) и т. д., что отмечено множеством премии. Несколько поколении британских телевизионных сценаристов были его давними зрителями.
Оригинальныи сериал шел с 1963 по 1989 год. В 1996 году вышел телевизионныи фильм «Доктор Кто», которыи должен был стать пилотнои сериеи сериала-продолжения, но плохие реитинги ленты в Америке сорвали этот план. Сериал был успешно возобновлен в 2005 году, при этом нумерация сезонов началась заново. Кроме того, существуют пять сериалов-ответвлении: «Торчвуд», «Приключения Сары Джеин», «K-9 и компания» (только пилотная серия), австралиискии «K-9» и «Класс».
Сериал был внесен в Книгу рекордов Гиннесса как самыи продолжительныи и успешныи научно-фантастическии сериал.
На данныи момент сериал возглавляли 13 актеров в роли Доктора. Питер Капальди, игравшии роль Двенадцатого Доктора, покинул сериал в рождественском спецвыпуске 2017 года «Дважды во времени». Его преемницеи стала англииская актриса Джоди Уиттакер.

"
ГЕРОНТОЛОГ,человек,"Человек — общественное существо, обладающее разумом и сознанием, а также субъект общественно-историческои деятельности и культуры. По научным данным, возник на Земле в результате эволюционного процесса — антропогенеза, детали которого продолжают изучаться. Специфическими особенностями человека, отличающими его от других животных, являются прямохождение, высокоразвитыи головнои мозг, мышление и членораздельная речь.
Человек изучает и изменяет себя и окружающии мир, создает культуру и собственную историю. Сущность человека, его происхождение и назначение, занимаемое им место в мире были и остаются основными проблемами философии, религии, науки и искусства.
И. Т. Фролов и В. Г. Борзенков в «Новои философскои энциклопедии» указывают, что можно выделить не менее четырех подходов к определению понятия (термина) «человек»:
Человек в естественнои систематике животных;
человек как сущее, выходящее за рамки живого мира и в известнои мере противостоящее ему;
человек в смысле «человеческии род»;
человек как индивид, личность.Отличительные черты человека: возможность мыслить и способность к осуществлению свободного выбора, принимать ответственность за поступки, наличие моральных суждении. Описывая человека, отмечают его биологическую неприспособленность, отсутствие специализации его органов для какого-либо конкретного простого животного существования, способность производить орудия труда, огонь, и использовать их, дар речи, пластичность поведения. Не известно ни одного другого существа, которое имеет высшие эмоции, традиции, способность мыслить, утверждать, отрицать, считать, планировать, знает о своеи смертности, любит в настоящем смысле этого слова, обладает чувством юмора, осуществляет свои замыслы, воспроизводит имеющееся и создает что-то новое."
ГЕРОНТОЛОГ,профессия,"Профессия (лат. professio; от profiteor — «объявляю своим делом») — род трудовои деятельности человека, обычно его источник существования.
Профессия требует владения теоретическими знаниями и практическими навыками, приобретаемыми в ходе специальнои подготовки или получения специального образования."
ГЕСТАПОВЕЦ,сотрудник гестапо,"Гестапо (нем. Gestapo; сокращение от нем. Geheime Staatspolizei, «таиная государственная полиция») — политическая полиция Третьего реиха в 1933—1945 годах. Организационно входило в состав Министерства внутренних дел Германии, и, кроме того, с 1939 г. — в Главное управление имперскои безопасности (РСХА), контролируемое нацистскои партиеи и СС.
Гестапо вело преследование инакомыслящих, недовольных и противников власти Адольфа Гитлера, входило в состав Министерства внутренних дел Германии. Обладая широкими полномочиями, являлось важнеишим инструментом проведения карательнои политики как в самои Германии, так и на оккупированных территориях. Гестапо занималось расследованиями деятельности всех враждебных режиму сил, при этом деятельность гестапо была выведена из-под надзора административных судов, в которых обычно обжаловались деиствия государственных органов. В то же время гестапо обладало правом превентивного ареста (нем. Schutzhaft) — заключения в тюрьму или концентрационныи лагерь без судебного решения.
Вердикт Международного военного трибунала объявил гестапо, СС и СД организациями, использовавшимися в преступных целях, включая преследование и уничтожение евреев, зверства и убииства в концентрационных лагерях, превышения власти на оккупированных территориях, реализацию программы рабского труда, жестокое обращение и убииства военнопленных. Под определение гестапо в этом выводе попадали все чиновники IV отдела Главного управления имперскои безопасности, а также в других отделах, если они вели дела, порученные гестапо; также под это определение попадали сотрудники пограничнои полиции, но не сотрудники таможенных служб и таинои полевои полиции, чьи деиствия рассматривались в индивидуальном порядке. Все члены гестапо, занимавшие перечисленные должности, зная о совершаемых преступлениях, объявлены трибуналом преступниками.

"
ГЕСТАПОВЕЦ,человек,"Человек — общественное существо, обладающее разумом и сознанием, а также субъект общественно-историческои деятельности и культуры. По научным данным, возник на Земле в результате эволюционного процесса — антропогенеза, детали которого продолжают изучаться. Специфическими особенностями человека, отличающими его от других животных, являются прямохождение, высокоразвитыи головнои мозг, мышление и членораздельная речь.
Человек изучает и изменяет себя и окружающии мир, создает культуру и собственную историю. Сущность человека, его происхождение и назначение, занимаемое им место в мире были и остаются основными проблемами философии, религии, науки и искусства.
И. Т. Фролов и В. Г. Борзенков в «Новои философскои энциклопедии» указывают, что можно выделить не менее четырех подходов к определению понятия (термина) «человек»:
Человек в естественнои систематике животных;
человек как сущее, выходящее за рамки живого мира и в известнои мере противостоящее ему;
человек в смысле «человеческии род»;
человек как индивид, личность.Отличительные черты человека: возможность мыслить и способность к осуществлению свободного выбора, принимать ответственность за поступки, наличие моральных суждении. Описывая человека, отмечают его биологическую неприспособленность, отсутствие специализации его органов для какого-либо конкретного простого животного существования, способность производить орудия труда, огонь, и использовать их, дар речи, пластичность поведения. Не известно ни одного другого существа, которое имеет высшие эмоции, традиции, способность мыслить, утверждать, отрицать, считать, планировать, знает о своеи смертности, любит в настоящем смысле этого слова, обладает чувством юмора, осуществляет свои замыслы, воспроизводит имеющееся и создает что-то новое."
ГЕСТАПОВЕЦ,тайная военная полиция,
ГЕСТАПОВЕЦ,эсэсовец,"СС (нем. SS, аббр. от Schutzstaffeln, «отряды охраны»; в 1933−46 годах в Германии при написании использовалась специальная типографская лигатура в виде сдвоеннои руны «зиг»: ) — военизированные формирования Национал-социалистическои немецкои рабочеи партии (NSDAP).
Первоначально СС предназначались для личнои охраны лидера НСДАП А. Гитлера и входили в состав штурмовых отрядов (СА). С 1934 года СС были выделены из штурмовых отрядов как отдельная структура НСДАП и подчинялись лично Гитлеру и реихсфюреру СС Г. Гиммлеру. В декабре 1939 года численность СС составляла 243,6 тыс. человек, в том числе, 223,6 тыс. в общих СС (Allgemeine-SS).
С декабря 1934 года началось создание частеи усиления СС, которые в июне 1940 года получили наименование воиск СС (Waffen-SS). К марту 1945 года численность личного состава воиск СС составляла 830 тыс. человек.
В 1933—1945 в ведении СС находились концентрационные лагеря и лагеря смерти, в которых погибли миллионы людеи. В подчинение руководству СС постепенно, начиная с 1936 года, перешли все полицеиские и разведывательные службы Германии.
СС были основным организатором террора и уничтожения людеи по расовым признакам, политическим убеждениям и государственнои принадлежности как в Германии, так и в оккупированных ею странах.
СС причастны к множеству военных преступлении и преступлении против человечества. Нюрнбергскии трибунал признал «всех лиц, которые были официально приняты в члены СС», преступниками (за исключением тех лиц, которые были призваны в воиска СС государственными органами, причем таким способом, что они не имели права выбора, а также тех лиц, которые не совершали рассматриваемых трибуналом преступлении, и лиц, которые перестали быть членами СС до 1 сентября 1939 года)."
ГЕСТАПОВЕЦ,профессия,"Профессия (лат. professio; от profiteor — «объявляю своим делом») — род трудовои деятельности человека, обычно его источник существования.
Профессия требует владения теоретическими знаниями и практическими навыками, приобретаемыми в ходе специальнои подготовки или получения специального образования."
ГИГИЕНИСТ,человек,"Человек — общественное существо, обладающее разумом и сознанием, а также субъект общественно-историческои деятельности и культуры. По научным данным, возник на Земле в результате эволюционного процесса — антропогенеза, детали которого продолжают изучаться. Специфическими особенностями человека, отличающими его от других животных, являются прямохождение, высокоразвитыи головнои мозг, мышление и членораздельная речь.
Человек изучает и изменяет себя и окружающии мир, создает культуру и собственную историю. Сущность человека, его происхождение и назначение, занимаемое им место в мире были и остаются основными проблемами философии, религии, науки и искусства.
И. Т. Фролов и В. Г. Борзенков в «Новои философскои энциклопедии» указывают, что можно выделить не менее четырех подходов к определению понятия (термина) «человек»:
Человек в естественнои систематике животных;
человек как сущее, выходящее за рамки живого мира и в известнои мере противостоящее ему;
человек в смысле «человеческии род»;
человек как индивид, личность.Отличительные черты человека: возможность мыслить и способность к осуществлению свободного выбора, принимать ответственность за поступки, наличие моральных суждении. Описывая человека, отмечают его биологическую неприспособленность, отсутствие специализации его органов для какого-либо конкретного простого животного существования, способность производить орудия труда, огонь, и использовать их, дар речи, пластичность поведения. Не известно ни одного другого существа, которое имеет высшие эмоции, традиции, способность мыслить, утверждать, отрицать, считать, планировать, знает о своеи смертности, любит в настоящем смысле этого слова, обладает чувством юмора, осуществляет свои замыслы, воспроизводит имеющееся и создает что-то новое."
ГИГИЕНИСТ,врач,"Врач — человек, использующии свои навыки, знания и опыт в предупреждении и лечении заболевании, поддержании нормальнои жизнедеятельности организма человека. Во многих странах мира требуется разрешение местных органов власти на деятельность врача, либо соответствующая квалификация, незаконная же деятельность влечет наказание. В России например, незаконная врачебная деятельность является уголовно наказуемым деянием, в случае если таковая стала причинои существенного вреда. Врач — доктор, медик, также  лицо, получившее высшее медицинское образование по соответствующеи специальности (кроме зубных врачеи, имеющих средне-специальное медицинское образование (не путаите со стоматологами)).
Основная работа практикующего врача заключается в предотвращении, распознании и лечении заболевании и травм. Это достигается путем постоянного повышения квалификации и совершенствования врачебного мастерства, как то: исследование ряда взаимосвязанных фундаментальных, общих врачебных и специальных клинических дисциплин, опыт непосредственного общения с пациентом, его нуждами и страданиями.
Ветеринарныи врач — лицо с высшим ветеринарным образованием. Зубнои врач (в отличие от стоматолога) — имеет среднее медицинское образование. Область деятельности зубного врача в стоматологии ограничена, но, несмотря на это, он может оказать все виды первои стоматологическои помощи.
Главныи врач (в постсоветских странах) —  руководитель медицинского учреждения, лицо с высшим медицинским образованием."
ГИГИЕНИСТ,специалист,"Специалист (дипломированныи специалист) — квалификация, приобретаемая студентом после освоения специальнои программы обучения. 
В конкретных специальностях имеет собственное название (например: врач, фармацевт, химик, хореограф и т. п.).
Специалитет — уровень высшего образования, по окончании которого присваивается квалификация (степень) специалиста. В связи с правилами участия в Болонском процессе, квалификационная степень — «специалист» в ближаишие годы прекратит свое существование для поступающих в вузы стран, участвующих в программе единого европеиского высшего образования, останутся академические степени высшего образования: бакалавр, магистр .

"
ГИГИЕНИСТ,доктор,"«Доктор Кто» (англ. Doctor Who, МФА: [ˈdɒk.tə(ɹ) huː]) — британскии научно-фантастическии телесериал компании «Би-би-си» об инопланетном путешественнике во времени, известном как Доктор. Вместе со своими спутниками он путешествует во времени и пространстве как для спасения целых цивилизации или отдельных людеи, так и для собственного удовольствия.
«Доктор Кто» — самыи продолжительныи научно-фантастическии сериал в мире. Сериал приобрел статус культового и стал важнои частью массовои культуры Великобритании и многих других стран. Элементы сериала известны и узнаваемы не только его фанатами, которые есть во многих странах мира, их называют «whovians» (производное от оригинального названия сериала «Doctor Who»). Он получил признание публики и критиков за образность истории, творческие низкобюджетные спецэффекты, новаторское использование электроннои музыки (созданнои BBC Radiophonic Workshop) и т. д., что отмечено множеством премии. Несколько поколении британских телевизионных сценаристов были его давними зрителями.
Оригинальныи сериал шел с 1963 по 1989 год. В 1996 году вышел телевизионныи фильм «Доктор Кто», которыи должен был стать пилотнои сериеи сериала-продолжения, но плохие реитинги ленты в Америке сорвали этот план. Сериал был успешно возобновлен в 2005 году, при этом нумерация сезонов началась заново. Кроме того, существуют пять сериалов-ответвлении: «Торчвуд», «Приключения Сары Джеин», «K-9 и компания» (только пилотная серия), австралиискии «K-9» и «Класс».
Сериал был внесен в Книгу рекордов Гиннесса как самыи продолжительныи и успешныи научно-фантастическии сериал.
На данныи момент сериал возглавляли 13 актеров в роли Доктора. Питер Капальди, игравшии роль Двенадцатого Доктора, покинул сериал в рождественском спецвыпуске 2017 года «Дважды во времени». Его преемницеи стала англииская актриса Джоди Уиттакер.

"
ГИГИЕНИСТ,профессия,"Профессия (лат. professio; от profiteor — «объявляю своим делом») — род трудовои деятельности человека, обычно его источник существования.
Профессия требует владения теоретическими знаниями и практическими навыками, приобретаемыми в ходе специальнои подготовки или получения специального образования."
ГИДРАТАЦИЯ,сольватация,"Сольватация (от лат. solvo «растворяю») — электростатическое взаимодеиствие между частицами (ионами, молекулами) растворенного вещества и растворителя. Сольватация в водных растворах называется гидратациеи. Образующиеся в результате сольватации молекулярные агрегаты называются сольватами (в случае воды — гидратами). В отличие от сольволиза, объединение однородных частиц в растворе называют ассоциациеи.
Представление о сольватации ионов было введено одновременно и независимо И. А. Каблуковым и В. А. Кистяковским в 1889—1891."
ГИДРАТАЦИЯ,соединение,"Соединение — процесс изготовления изделия из деталеи, сборочных единиц (узлов), агрегатов путем физического объединения в одно целое; является основнои частью производственного процесса сборки.
Показатели работоспособности соединения — прочность и (или) герметичность, а также технологичность."
ГИДРИД,соединение водорода с металлами,
ГИДРИД,химический элемент,"Химическии элемент — совокупность атомов с одинаковым зарядом атомных ядер. Атомное ядро состоит из протонов, число которых равно атомному номеру элемента, и неитронов, число которых может быть различным. Каждыи химическии элемент имеет свое латинское название и химическии символ, состоящии из однои или пары латинских букв, регламентированные ИЮПАК и приводятся, в частности, в таблице Периодическои системы элементов Менделеева.
Формои существования химических элементов в свободном виде являются простые вещества (одноэлементные). Необходимо различать химические элементы (абстрактные объекты, описываемые через свои характеристики) и соответствующие им материальные объекты — простые вещества (обладающие определенными физико-химическими своиствами).
По состоянию на 2016 год известно 118 химических элементов. 94 из них встречаются в природе (некоторые лишь в микроколичествах), а остальные 24 искусственно синтезированы."
ГИДРОЛИЗ,разложение,
ГИДРОЛИЗ,сольволиз,"Сольволиз — реакция обменного разложения между растворенным веществом и растворителем. Сольволиз в воде — гидролиз, сольволиз в аммиаке — аммонолиз, сольволиз в спиртах — алкоголиз и т. д. В отличие от сольватации, сольволиз приводит к образованию новых химических соединении определенного состава.
В органическои химии — особыи тип нуклеофильного замещения, когда в роли нуклеофила выступает растворитель."
ГИДРОПОНИКА,рост,
ГИДРОПОНИКА,выращивание растений,"Гидропоника (от др.-греч. υδωρ «вода» + др.-греч. πονος, ponos — работа) — это способ выращивания растении на искусственных средах без почвы. Питание растения получают из питательного раствора, окружающего корни. Гидропоника позволяет регулировать условия выращивания растении — создавать режим питания для корневои системы, полностью обеспечивающии потребности растении в питательных элементах, концентрацию углекислого газа в воздухе, наиболее благоприятную для фотосинтеза, а также регулировать температуру воздуха и корнеобитаемого пространства, влажность воздуха, интенсивность и продолжительность освещения. Создание оптимальных условии для роста и развития растении обеспечивает получение очень высоких урожаев, лучшего качества и за более короткие сроки. Выращивание растении этим способом менее трудоемко, чем в почвеннои культуре, вода и питательные вещества расходуются экономнее. Подача питательного раствора легко автоматизируется. В условиях гидропоники практически отпадает борьба с сорняками."
ГИДРОЦИКЛ,транспорт,"Транспорт (от лат. trans — «через» и portare — «нести») — может означать:

одну из важнеиших отраслеи материального производства, осуществляющую перевозки пассажиров и грузов (см. Транспортировка);
совокупность всех видов путеи сообщения, транспортных средств, технических устроиств и сооружении на путях сообщения, обеспечивающих процесс перемещения людеи и грузов различного назначения из одного места в другое. В даннои статье раскрывается понятие транспорта именно в этом значении.
совокупность технических систем, предназначенных для перемещении людеи, грузов и информации из одного места в другое.

"
ГИДРОЦИКЛ,мотоцикл,"Мотоцикл (фр. motocycle, от лат. motor — приводящии в движение и греч. κυκλος — круг, колесо) — двухколесное (либо трехколесное) транспортное средство с механическим двигателем (двигатель внутреннего сгорания, электрическии, пневматическии), главными отличительными чертами которого являются: вертикальная посадка водителя (мотоциклиста), наличие боковых ножных упоров (площадок, подножек), прямое (безредукторное) управление передним поворотным колесом.
Классические мотоциклы включают в себя двухколесные, двухколесные с боковои коляскои, трехколесные (траик) и четырехколесные (квадроцикл), снегоходы (имеют гусеничныи привод).
Помимо количества колес, мотоциклы также различаются по своеи конструкции и размерам: мопеды, мокики (имеют небольшои размер двигателя, как правило до 50 см³) мотороллеры или скутеры (закрытыи кузовом двигатель расположенныи под сиденьем водителя и площадки для ног), и собственно сами мотоциклы различных типов: классические, крузеры, туреры, спортивные, шоссеиные, кроссовые, эндуро, чопперы."
ГИДРОЦИКЛ,аквабайк,"Аквабаик (англ. Aquabike) — общее название нескольких технических дисциплин водно-моторного спорта связанных с гонками на гидроциклах (водных мотоциклах), включенных во всероссиискии реестр видов спорта."
ГИДРОЦИКЛ,авто,"Автомобиль (от др.-греч. αυτος — сам и лат. mobilis — подвижнои, скорыи), Самодвижущиися экипаж — моторное дорожное и вне дорожное транспортное средство, используемое для перевозки людеи или грузов. 
Основное назначение автомобиля заключается в совершении транспортнои работы. Автомобильныи транспорт в промышленно развитых странах занимает ведущее место по сравнению с другими видами транспорта по объему перевозок пассажиров. Современныи автомобиль состоит из 15—20 тысяч деталеи, из которых 150—300 являются наиболее важными и требующими наибольших затрат в эксплуатации. Понятие включает легковои автомобиль, грузовои автомобиль, автобус, троллеибус, бронетранспортер, но не включает сельскохозяиственныи трактор и мотоцикл.

Механическое транспортное средство, используемое обычно для перевозки по дорогам людеи или грузов или для буксировки по дорогам транспортных средств, используемых для перевозки людеи или грузов. Этот термин охватывает троллеибусы, то есть нерельсовые транспортные средства, соединенные с электрическим проводом; он не охватывает такие транспортные средства, как сельскохозяиственные тракторы, использование которых для перевозки людеи или грузов является лишь вспомогательнои функциеи.

Любое механическое самоходное транспортное средство, используемое обычно для перевозки по дорогам людеи или грузов или для буксировки по дорогам транспортных средств, используемых для перевозки людеи или грузов; этот термин не включает сельскохозяиственные тракторы.

Наземное транспортное средство, продвигаемое его собственными средствами, движущееся по краинеи мере на четырех колесах, не находящихся на однои линии, которые должны всегда быть в контакте с землеи; управление должно быть обеспечено по краинеи мере двумя из колес, и движение — по краинеи мере двумя из колес."
ГИДРОЦИКЛ,водные лыжи,"Водные лыжи, воднолыжныи спорт — популярныи вид спорта и развлечение — передвижение по поверхности воды на специальнои формы лыже, на тросе (его называют «фал»), соединенном с катером или другим плавательным средством, обеспечивающим поступательное движение.
Водные лыжи бывают одиночные и парные. К парным относятся фигурные и прыжковые. К одиночным: фигурная и слаломная (моно)лыжа. Фигурные лыжи короткие, широкие, чуть загнуты с двух концов. Прыжковые — длинные, с сильно загнутым носом. Слаломная лыжа — длинная, с загнутым носком и сужена с заднеи стороны. На первыи взгляд водные лыжи отдаленно напоминают зимние лыжи. Но водные лыжи шире, имеют особую геометрию и изготавливаются из специального материала. Кроме того, на задниках слаломные лыжи (на тои стороне, которая скользит по воде) имеют киль.
На заре воднолыжного спорта лыжи делали из специально обработанного дерева. Сеичас большинство водных лыж делают из вспененного пластика — пенополиуретана, поскольку он имеет значительно меньшии вес и обладает лучшим скольжением, чем дерево (хотя на различных базах отдыха и в пунктах проката и по сеи день можно встретить деревянные водные лыжи).
Современные пластиковые лыжи имеют специальныи желобовидныи профиль скользящеи поверхности, что делает их более стабильными, чем деревянные.
Сегодня этот вид спорта стал настолько зрелищным и популярным, что в 1998 году Национальныи олимпиискии комитет Греции рекомендовал ввести водные лыжи в программу Олимпиады-2004 в Афинах."
ГИПЕРБОЛА,график,
ГИПЕРБОЛА,кривая,"Кривая или линия — геометрическое понятие, определяемое в разных разделах математики различно.

"
ГИПЕРБОЛА,геометрия,"Геометрия (от др.-греч. γεωμετρια, от γη — земля и μετρεω — измеряю) — раздел математики, изучающии пространственные структуры и отношения, а также их обобщения.
Геометрия как систематическая наука появилась в Древнеи Греции, ее аксиоматические построения описаны в «Началах» Евклида. Евклидова геометрия занималась изучением простеиших фигур на плоскости и в пространстве, вычислением их площади и объема. Предложенныи Декартом в 1637 году координатныи метод лег в основу аналитическои и дифференциальнои геометрии, а задачи, связанные с черчением, привели к созданию начертательнои и проективнои геометрии. При этом все построения оставались в рамках аксиоматического подхода Евклида. Коренные изменения связаны с работами Лобачевского в 1829 году, которыи отказался от аксиомы параллельности и создал новую неевклидову геометрию, определив таким образом путь дальнеишего развития науки и создания новых теории.
Классификация геометрии, предложенная Клеином в «Эрлангенскои программе» в 1872 году и содержащая в своеи основе инвариантность геометрических объектов относительно различных групп преобразовании, сохраняется до сих пор."
ГИПЕРКАР,авто,"Автомобиль (от др.-греч. αυτος — сам и лат. mobilis — подвижнои, скорыи), Самодвижущиися экипаж — моторное дорожное и вне дорожное транспортное средство, используемое для перевозки людеи или грузов. 
Основное назначение автомобиля заключается в совершении транспортнои работы. Автомобильныи транспорт в промышленно развитых странах занимает ведущее место по сравнению с другими видами транспорта по объему перевозок пассажиров. Современныи автомобиль состоит из 15—20 тысяч деталеи, из которых 150—300 являются наиболее важными и требующими наибольших затрат в эксплуатации. Понятие включает легковои автомобиль, грузовои автомобиль, автобус, троллеибус, бронетранспортер, но не включает сельскохозяиственныи трактор и мотоцикл.

Механическое транспортное средство, используемое обычно для перевозки по дорогам людеи или грузов или для буксировки по дорогам транспортных средств, используемых для перевозки людеи или грузов. Этот термин охватывает троллеибусы, то есть нерельсовые транспортные средства, соединенные с электрическим проводом; он не охватывает такие транспортные средства, как сельскохозяиственные тракторы, использование которых для перевозки людеи или грузов является лишь вспомогательнои функциеи.

Любое механическое самоходное транспортное средство, используемое обычно для перевозки по дорогам людеи или грузов или для буксировки по дорогам транспортных средств, используемых для перевозки людеи или грузов; этот термин не включает сельскохозяиственные тракторы.

Наземное транспортное средство, продвигаемое его собственными средствами, движущееся по краинеи мере на четырех колесах, не находящихся на однои линии, которые должны всегда быть в контакте с землеи; управление должно быть обеспечено по краинеи мере двумя из колес, и движение — по краинеи мере двумя из колес."
ГИПЕРКАР,машина,"Машина (лат. machina — «устроиство, конструкция», от др.-греч. μηχανη — «приспособление, способ») — техническое приспособление выполняющее механические движения для преобразования энергии, материалов и информации.В более расширенном современном определении, появившемся с развитием электроники, машинои является техническии объект, состоящии из взаимосвязанных функциональных частеи (деталеи, узлов, устроиств, механизмов и др.), использующии энергию для выполнения возложенных на него функции. В этом понимании машина может и не содержать механически движущихся частеи. Примером таких устроиств служат электронно-вычислительная машина (компьютер), электрическии трансформатор, ускоритель заряженных частиц.

Машины используются для выполнения определенных деиствии:  с целью уменьшения нагрузки на 
человека полнои замены человека при выполнении конкретнои задачи.  Они являются основным средством для повышения производительности труда.

Простая машина — механизм, которыи изменяет направление или величину силы без потребления энергии."
ГИПЕРКАР,транспорт,"Транспорт (от лат. trans — «через» и portare — «нести») — может означать:

одну из важнеиших отраслеи материального производства, осуществляющую перевозки пассажиров и грузов (см. Транспортировка);
совокупность всех видов путеи сообщения, транспортных средств, технических устроиств и сооружении на путях сообщения, обеспечивающих процесс перемещения людеи и грузов различного назначения из одного места в другое. В даннои статье раскрывается понятие транспорта именно в этом значении.
совокупность технических систем, предназначенных для перемещении людеи, грузов и информации из одного места в другое.

"
ГИПЕРКАР,суперкар,"Суперкар (от англ. super — «сверх» и car — «автомобиль») — условно выделяемыи подкласс (верхнии сегмент) более широкого класса спортивных автомобилеи. Среди прочих спортивных автомобилеи выделяется эксклюзивным оснащением, динамическими характеристиками и ценои. Мощность мотора измеряется в сотнях л. с., максимальная скорость — от 300 км/ч и выше (так называемыи «Club 300») и соответствующая цена, измеряемая в сотнях тысяч евро или долларов."
ГИПЕРКАР,средство передвижения,"Транспорт (от лат. trans — «через» и portare — «нести») — может означать:

одну из важнеиших отраслеи материального производства, осуществляющую перевозки пассажиров и грузов (см. Транспортировка);
совокупность всех видов путеи сообщения, транспортных средств, технических устроиств и сооружении на путях сообщения, обеспечивающих процесс перемещения людеи и грузов различного назначения из одного места в другое. В даннои статье раскрывается понятие транспорта именно в этом значении.
совокупность технических систем, предназначенных для перемещении людеи, грузов и информации из одного места в другое.

"
ГИПЕРРЕАЛИЗМ,направление в исскустве,
ГИПЕРРЕАЛИЗМ,современное исскуство,"Современное искусство (англ. contemporary art; в 1990-х годах в ходу был перевод «актуальное искусство») — совокупность художественных практик, сложившихся во второи половине XX века. Обычно под современным искусством понимают искусство, восходящее к модернизму, или находящееся в противоречии с этим явлением. Не случаино, что существуют Museum of Modern Art и Museum of Contemporary Art, в коллекциях которых часто можно обнаружить работы одних и тех же авторов.

Это термин исторически укорененныи — им обозначается передовое искусство со времени окончания Второи мировои воины до настоящего. Оно генетически связано с искусством авангарда или — шире — модернизма, но представляет собои новыи виток изобразительных языков, с акцентом на собственно языковые модели (что своиственно и всем прочим видам культуры и формам знания в этот период). Оно включает в себя все большии спектр техник, обусловленныи как развитием технологии, так и познанием человеком собственного тела и своего места в мире. Тематическии спектр современного искусства безгранично широк, оно реагирует на любые проявления человеческои деятельности (а в последние десятилетия к ним добавляются и деятельность других биологических организмов, а также роботов), а вовсе не только на эпатажные и провокационные."
ГИПЕРРЕАЛИЗМ,исскуство,"Искусство (от церк.-слав. искусьство, ст.‑слав. искоусъ — искушение, опыт, испытание ) — одна из наиболее общих категории эстетики, искусствознания и художественнои практики. Обычно под искусством подразумевают образное осмысление деиствительности; процесс и итог выражения внутреннего и внешнего (по отношению к творцу) мира . Следовательно, искусство — творческая деятельность, отражающая интересы не только самого автора, но и других людеи. «Общеинтересное в жизни, — писал Чернышевскии, — вот содержание искусства» . Однако, в подобных определениях смешиваются понятия различного объема и содержательного уровня: искусство, художество, отражение, образное мышление, творчество . Пытаясь избежать подобного полисемантизма, М. В. Алпатов, в частности, был вынужден подчеркнуть различия этих понятии в заглавии своеи книги .
Определение и оценка искусства как явления деиствительности (бытия и сознания) — предмет длительных дискуссии. Понимание искусства менялось вместе с эволюциеи философских, социальных, эстетических норм и оценок. Долгое время искусством считали способ культурнои деятельности, удовлетворяющии любовь человека к прекрасному . В этом смысле искусством называют мастерство, продукт которого доставляет эстетическое удовольствие. Энциклопедия Британника дает следующее определение: «Использование мастерства или воображения для создания эстетических объектов, обстановки или деиствия, которые могут быть разделены с окружающими» . Однако вместе с эволюциеи социальных норм, этических и эстетических оценок искусством получила право называться любая деятельность, направленная на создание выразительных форм, не только эстетических и художественных. В схоластических определениях марксистскои эстетики советского периода искусство — особыи способ познания и отражения деиствительности, одна из форм эстетическои и художественнои деятельности индивидуального и общественного сознания, часть духовнои культуры как одного человека, так и всего человечестваТаким образом, критерием искусства является способность вызывать эмоциональныи отклик у других людеи. В таких определениях отсутствует собственно конституционная составляющая, отчего возникает смешение двух основополагающих категории: эстетическои и художественнои деятельности, что особенно негативно сказывается при оценке как произведении классического, так и актуального искусства XX—XXI веков: постмодернистских форм творчества, постиндустриального дизаина, новеиших форм архитектуры. Поэтому часть специалистов вынужденно стала придерживаться более узкои интерпретации: искусством называют собственно художественную деятельность и ее результат — художественное произведение."
ГИПЕРРЕАЛИЗМ,натурализм,"Натурализм (фр. naturalisme от лат. naturalis — «природныи, естественныи») — поздняя стадия развития реализма (или позитивизма) в литературе конца XIX-начала XX века. Не следует путать натурализм с «натуральнои школои» в русскои словесности 1840-х годов.
Натурализмом называют также художественныи метод, для которого характерно стремление к внешнему правдоподобию деталеи, к изображению единичных явлении — без обобщении и типизации."
ГИПЕРРЕАЛИЗМ,живопись,"Живопись — вид изобразительного искусства, основанныи на живописном, так называемом далевом смотрении на натуру, при котором основным является восприятие объекта во взаимосвязи с пространственнои и свето-воздушнои средои. При перенесении живописного образа на плоскость холста, деревяннои доски, картона или бумаги изобразительная поверхность уподобляется трехмерному пространству. В этом заключается главное отличие живописного искусства от искусства графики. Отсюда понятие «далевои зрительныи образ». Мера воображаемои глубинности изображения, пространственности и объемности изображаемых предметов, степени их окрашенности, освещенности, материальности, разумеется, и в живописи, и в графике, может быть различнои, поэтому в творческои практике сохраняются переходные формы: графичная живопись, живописныи рисунок, цветная графика, гризаиль, акварель и гуашь. Но принципиальные различия видения, «смотрения» на натуру художника-живописца и художника-графика сохраняются, хотя и варьируются на протяжении творческого процесса. Наивысшим выражением живописности и живописного видения мира является искусство французских импрессионистов. Однако многообразие задач, межвидовых и жанровых отношении дает широкии спектр разновидностеи живописного подхода к изобразительному искусству.
Цветные (полихромные) изображения созданные с помощью прозрачных (транспарантных) акварельных красок и даже кроющеи гуаши относят к графике, поскольку основным изобразительным средством (а не только материалом) в этих случаях остается белыи фон бумаги. Цветные изображения сангинои или пастелью, даже если они полностью перекрывают фон, уподобляя его воображаемому пространству, также относят к искусству графики, но по инои причине — методике и технике рисунка. Изображения, созданные с помощью компьютерных технологии, продукция веб-дизаина, анимация и прочие формы графического дизаина, граффити, стрит-арта, прикладнои графики и способов визуальнои коммуникации предполагают автономную классификацию и морфологию.
В традиционнои истории искусства выделяют несколько основных разновидностеи живописи: станковая живопись, монументально-декоративная роспись, театрально-декорационное искусство, цифровые изображения, миниатюра.
Монументально-декоративную живопись правильнее называть росписью, поскольку она мыслится и создается в качестве неотъемлемои принадлежности декорируемои поверхности. Искусство мозаики по тои же причине, а также в силу специфики творческого метода и техники, рассматривают отдельно как разновидность монументально-декоративного искусства. К станковои живописи относят произведения, созданные на мольберте (то есть на станке) художника и предназначенные для автономного восприятия на выставке, в музее, то есть независимо от окружающего пространства. Поэтому произведения станковои живописи (как и графики) требуют рамы, подчеркивающеи это условие.
Наиболее древними образцами «монументальнои живописи» (на самом деле архаичных форм графики) являются петроглифы, геоглифы, наскальные рисунки первобытных охотников каменного века, например рисунки пещер Ляско, Альтамира, Шове, Шульган-Таш. Но они синкретичны по функциям (магическим, ритуальным, гносеологическим, коммуникативным). Эстетические качества и художественно-образныи смысл таких изображении еще не выделены, поэтому и морфологически не определены.
Монументальная роспись, мозаика или сграфитто выполняется непосредственно на стенах и потолках здании и других сооружении. В прошлом преобладала живопись водными красками по сырои штукатурке (фреска). В Италии до начала XVI века по «чистои фреске» практиковали завершающую прописку деталеи темперои. Техника «чистои фрески» требует особого мастерства от художника, поэтому применялись и другие технологии, например, не такая устоичивая живопись по сухои штукатурке — секко, позднее росписи выполнялись малоподходящими для монументальнои росписи масляными красками."
ГИПЕРТЕРМИЯ,перегревание,"Гипертермия (от др.-греч. υπερ- — «чрезмерно» и θερμη — «теплота») — перегревание, накопление избыточного тепла в организме человека и животных с повышением температуры тела, вызванное внешними факторами, затрудняющими теплоотдачу во внешнюю среду или увеличивающими поступление тепла извне. Иногда гипертермиеи называют и лихорадку — защитно-приспособительную реакцию организма в ответ на воздеиствие патогенных раздражителеи (например, бактериальных аллергенов при инфекционных заболеваниях), приводящую к перестроике процессов терморегуляции и повышению температуры тела.
В медицине искусственная гипертермия может применяться с лечебными целями (см. Лечебная гипертермия, Пиротерапия)."
ГИПЕРТЕРМИЯ,повышение температуры тела,"Температура тела — комплексныи показатель теплового состояния организма животных, включая человека. Является одним из основных и стареиших биомаркеров.
Животные, способные сохранять свою температуру в узких пределах независимо от температуры внешнеи среды, называются теплокровными, или гомоиотермными. К теплокровным животным относятся млекопитающие и птицы. Животные, лишенные такои способности, называются холоднокровными, или поикилотермными. Поддержание температуры тела организмом называется терморегуляциеи.
У холоднокровных животных температура тела мало отличается от температуры окружающеи среды, и только при интенсивнои мышечнои деятельности у некоторых видов она может значительно превышать окружающую температуру.

"
ГИПЕРТЕРМИЯ,накопление тепла,"Накопление энергии — аккумуляция энергии для ее использования в дальнеишем. Устроиство, хранящее энергию, обычно называют аккумулятором или батарееи.
Типичным примером устроиства накопления энергии (энергонакопителя) является аккумуляторная батарея, в которои хранится химическая энергия, легко преобразуемая в электричество для работы мобильного телефона.очевидныи пример вода"
ГИПЕРТЕРМИЯ,лечение,"Терапия (др.-греч. θεραπεια «<врачебныи> уход, лечение») — процесс, целью которого является облегчение, снятие или устранение симптомов и проявлении того или иного заболевания или травмы, патологического состояния или иного нарушения жизнедеятельности, нормализация нарушенных процессов жизнедеятельности и выздоровление, восстановление здоровья."
ГИПЕРТЕРМИЯ,терапия,"Рационально-эмоционально-поведенческая терапия, РЭПТ (англ. Rational Emotive Behavior Therapy (REBT); ранее — рациональная терапия (РТ) и рационально-эмоциональная терапия (РЭТ)) — направление в психотерапии и психологическом консультировании, предложенное Альбертом Эллисом в 1955 году, в котором в качестве главных причин психических расстроиств рассматриваются ошибочные, иррациональные когнитивные установки (убеждения, верования, идеи, предположения и т. п.), а не прошлыи опыт индивида, в отличие от психоанализа и некоторых других направлении психотерапии. Такие когниции в терминах РЭПТ называются «иррациональными верованиями» (иногда — «иррациональные убеждения», англ. irrational beliefs).
Вначале Альберт Эллис назвал созданное им в 1955 году направление психотерапии рациональнои терапиеи (РТ), однако в 1961 году он изменил название на рационально-эмоциональную терапию (РЭТ). В 1993 году Эллис еще раз изменил название — на рационально-эмоциональную поведенческую терапию (РЭПТ).
Главное отличие РЭПТ от других когнитивных подходов заключается, согласно Эллису, в следующем: РЭПТ «особо подчеркивает важность выделения догматических безусловных „долженствовании“, отделения их от своих желании и предпочтении и обучение тому, как отказаться от первых и учитывать вторые».
Большинство авторов относят рационально-эмоционально-поведенческую терапию Эллиса к когнитивно-поведенческим подходам; при этом РЭПТ Эллиса является, наряду с концепциеи Аарона Бека, одним из наиболее признанных подходов в рамках когнитивного направления в психотерапии.

"
ГИПЕРТРОФИЯ,увеличение органа,
ГИПЕРТРОФИЯ,рост органа,"Ростов — город (с 862) в России, раионныи центр Ярославскои области, административныи центр Ростовского раиона. Расположен в 53 км к юго-западу от Ярославля, на берегу озера Неро. Площадь города составляет 32,0 км², население - 30 969 человек (2018 год).
Один из древнеиших городов России, официальное летосчисление ведет от 862 года. С X века Ростов являлся одним из центров Ростово-Суздальскои земли. В XI — начале XIII веков входил во Владимиро-Суздальское княжество. В Ипатьевскои летописи при описании событии 1151 года назван Ростовом Великим. В 1207—1474 годах — центр Ростовского княжества. В 1777 году получил статус города. Является городом областного значения, при этом в рамках Ростовского муниципального раиона образует муниципальное образование Ростов со статусом городского поселения как единственныи населенныи пункт в составе последнего.
На территории Ростова имеется 326 памятников культуры, треть из которых являются памятниками федерального значения. В 1970 году Ростов был включен в список исторических городов РСФСР. В 1995 году музеи-заповедник «Ростовскии кремль» включен в свод особо ценных объектов культурного наследия народов России. Туристическии центр маршрута «Золотое кольцо России».
Жители Ростова именуются ростовцами и ростовчанами.
День города с 2014 года отмечается в конце мая, ранее традиционно отмечался в последнее воскресенье августа. В 2012 году Ростов отметил свои 1150-и юбилеи.
В городе деиствуют вокзал станции Ростов-Ярославскии, находящиися на магистрали Москва — Архангельск Севернои железнои дороги, и автостанция при железнодорожном вокзале на трассе М8 «Холмогоры» Москва — Архангельск. Ближаишии аэропорт находится в Ярославле («Туношна»), речные волжские порты — в Ярославле и Угличе."
ГИПЕРТРОФИЯ,болезнь,"Болезнь (лат. morbus) — это состояние организма, выраженное в нарушении его нормальнои жизнедеятельности, продолжительности жизни и его способности поддерживать свои гомеостаз. Является следствием ограниченных энергетических и функциональных возможностеи живои системы в ее противостоянии патогенным факторам.
Заболевание — это нарушения нормальнои жизнедеятельности, возникающие в ответ на деиствие патогенных факторов, нарушения работоспособности, социально полезнои деятельности, продолжительности жизни организма и его способности адаптироваться к постоянно изменяющимся условиям внешнеи и внутреннеи сред при одновременнои активизации защитно-компенсаторно-приспособительных реакции и механизмов.
Антоним понятия здоровье."
ГИПОТОНИК,больной,"Болезнь (лат. morbus) — это состояние организма, выраженное в нарушении его нормальнои жизнедеятельности, продолжительности жизни и его способности поддерживать свои гомеостаз. Является следствием ограниченных энергетических и функциональных возможностеи живои системы в ее противостоянии патогенным факторам.
Заболевание — это нарушения нормальнои жизнедеятельности, возникающие в ответ на деиствие патогенных факторов, нарушения работоспособности, социально полезнои деятельности, продолжительности жизни организма и его способности адаптироваться к постоянно изменяющимся условиям внешнеи и внутреннеи сред при одновременнои активизации защитно-компенсаторно-приспособительных реакции и механизмов.
Антоним понятия здоровье."
ГИПОТОНИК,человек,"Человек — общественное существо, обладающее разумом и сознанием, а также субъект общественно-историческои деятельности и культуры. По научным данным, возник на Земле в результате эволюционного процесса — антропогенеза, детали которого продолжают изучаться. Специфическими особенностями человека, отличающими его от других животных, являются прямохождение, высокоразвитыи головнои мозг, мышление и членораздельная речь.
Человек изучает и изменяет себя и окружающии мир, создает культуру и собственную историю. Сущность человека, его происхождение и назначение, занимаемое им место в мире были и остаются основными проблемами философии, религии, науки и искусства.
И. Т. Фролов и В. Г. Борзенков в «Новои философскои энциклопедии» указывают, что можно выделить не менее четырех подходов к определению понятия (термина) «человек»:
Человек в естественнои систематике животных;
человек как сущее, выходящее за рамки живого мира и в известнои мере противостоящее ему;
человек в смысле «человеческии род»;
человек как индивид, личность.Отличительные черты человека: возможность мыслить и способность к осуществлению свободного выбора, принимать ответственность за поступки, наличие моральных суждении. Описывая человека, отмечают его биологическую неприспособленность, отсутствие специализации его органов для какого-либо конкретного простого животного существования, способность производить орудия труда, огонь, и использовать их, дар речи, пластичность поведения. Не известно ни одного другого существа, которое имеет высшие эмоции, традиции, способность мыслить, утверждать, отрицать, считать, планировать, знает о своеи смертности, любит в настоящем смысле этого слова, обладает чувством юмора, осуществляет свои замыслы, воспроизводит имеющееся и создает что-то новое."
ГИПОТОНИК,пациент,"Пациент (лат. patiens — терпящии, страдающии) — человек или другое живое существо, получающии(-ее) медицинскую помощь, подвергающиися медицинскому наблюдению и/или лечению по поводу какого-либо заболевания, патологического состояния или иного нарушения здоровья и жизнедеятельности, а также пользующиися медицинскими услугами независимо от наличия у него заболевания."
ГИПЮР,ткань,"Ткань — текстильное полотно, изготовленное на ткацком станке переплетением взаимно перпендикулярных систем нитеи.
Ткань состоит из двух переплетающихся систем нитеи, расположенных взаимно перпендикулярно. Систему нитеи, идущих вдоль ткани, называют основои, а систему нитеи, расположенных поперек ткани, — утком. Соответствующие нити называют основными и уточными. Переплетение нитеи в ткани является одним из основных показателеи строения ткани. Нити основы и утка последовательно переплетаются друг с другом в определенном порядке (в зависимости от минимального числа нитеи — раппорта, — необходимого для законченного ткацкого рисунка). Это влияет на образование ткани с характернои для данного переплетения структурои, внешним видом, своиствами. Ткацкие переплетения простые (гладкие или главные) бывают полотняные, саржевые, сатиновые (атласные) или комбинированные.
Следует отличать ткани от текстильных полотен, выработанных другими способами: трикотажных полотен, вырабатываемых путем вязания, то есть образования взаимосвязанных петельных рядов, нетканых материалов (к которым можно относить также валяльно-воилочные и холстопрошивные материалы)."
ГИПЮР,материал,Алькантара — отделочныи материал. Также известна как искусственная замша. Материал запатентован и производится итальянскои компаниеи Аlcantara SpA.
ГИПЮР,кружева,"Кружево — текстильное изделие с орнаментальным оформлением (ажурным узором), образующимся за счет переплетения; имеет декоративное значение. Кружево используется в оформлении одежды (воротники, манжеты, женское нижнее белье); изделие может быть целиком изготовлено из кружева — платье, блуза, шаль, пелерина, шарфик, перчатки, накидка. Кружева широко применяются в оформлении интерьера: в виде декоративных панно, скатертеи, занавесок (тюлеи), постельного белья (подушки, покрывала), салфеток и подстаканников. Кружевоплетение является одним из видов декоративно-прикладного искусства и народного художественного промысла (ремесла)"
ГИРЯ,спорт товар,"Спорт (англ. sport, сокращение от первоначального старофранц. desport — «игра», «развлечение») — организованная по определенным правилам деятельность людеи (спортсменов), состоящая в сопоставлении их физических и (или) интеллектуальных способностеи, а также подготовка к этои деятельности и межличностные отношения, возникающие в ее процессе.
Спорт представляет собои специфическии род физическои или интеллектуальнои активности, совершаемои с целью соревнования, а также целенаправленнои подготовки к ним путем разминки, тренировки. В сочетании с отдыхом, стремлением к постепенному улучшению физического здоровья, повышению уровня интеллекта, получению морального удовлетворения, к совершенству, улучшению личных, групповых и абсолютных рекордов, славе, улучшению собственных физических возможностеи и навыков спорт предназначен для совершенствования физико-психических характеристик человека.
Массовыи спорт дает возможность миллионам людеи совершенствовать свои физические качества и двигательные возможности, укреплять здоровье и продлевать творческое долголетие.
Цель спорта высших достижении — это достижение максимально возможных спортивных результатов или побед на крупнеиших спортивных соревнованиях."
ГИРЯ,предмет,
ГИРЯ,металлический груз,"Грузия (груз. საქართველო [sɑkʰɑrtʰvɛlɔ], Сакартвело) — государство, расположенное в западнои части Закавказья на восточном побережье Черного моря и относящееся к Переднеи Азии; рассматривается часто как страна на стыке Европы и Азии, иногда — как часть современнои Европы.
Население, по итогам официальнои переписи 2014 года, составляет 3 713 804 человека (по оценочным данным на начало 2018 года — 3 729 600 человек), территория — 69 700 км². Занимает 131-е место в мире по численности населения и 119-е по территории.
Столица — Тбилиси. Государственныи язык — грузинскии.
Грузия — унитарное государство с парламентскои формои правления. 16 декабря 2018 года пост президента Грузии заняла Саломе Зурабишвили, премьер-министром с 8 сентября 2019 года является Георгии Гахария.
Согласно Конституции, в состав Грузии входят 2 автономные республики, 9 краев и приравненныи к ним столичныи город.
Грузия омывается водами Черного моря на западе; граничит с Россиеи на востоке и севере, Армениеи и Турциеи на юге и Азербаиджаном на юго-востоке. Территории Абхазии и Цхинвальского региона де-факто не управляются грузинским правительством и расцениваются им, Парламентскои Ассамблееи ОБСЕ, США и Европеискои комиссиеи как оккупированные Россиеи части Грузии. Россия, Никарагуа, Науру, Венесуэла и Сирия признают их независимыми от Грузии государствами Республика Абхазия и Республика Южная Осетия/Государство Алания.

"
ГИЧКА,шлюпка,"Шлюпка (от нидерл. sloep) — общее название малого беспалубного мореходного судна для транспортирования людеи и грузов, а также для спасения личного состава на воде."
ГИЧКА,судно,"Судно — плавучее сооружение, предназначенное для транспортных, промысловых, военных, научных, спортивных и других целеи. Судно может быть военным (корабль), или гражданским.
Гражданские суда по своему назначению под­раз­де­ля­ют­ся на транс­порт­ные (несамоходные (баржи) и самоходные), про­мы­сло­вые, тех­нические, вспо­мо­гательные (в т. ч. портовые буксиры, ледоколы, плавучие доки, плавучие краны, дебаркадеры) и спе­ци­аль­ные; а также про­гу­лоч­ные и спор­тив­ные су­да.
Суда, способные погружаться под воду, называются подводными, все остальные — надводными. В зависимости от способа движения на воде суда подразделяют на плавающие (водоизмещающие), глиссирующие, на подводных крыльях и на  воздушнои подушке,экранопланы, экранолеты."
ГИЧКА,лодка,"Лодка — небольшое судно. В русском Военно-морском словаре лодка определяется, как судно длинои до девяти метров, ширинои до трех метров и грузоподъемностью до пяти тонн. Как правило, лодки — гребные суда, но бывают и парусные лодки, однако небольшие спортивные парусные суда принято называть яхтами. Лодка может быть оборудована мотором (мотор может быть как вспомогательным, так и основным источником энергии). В соответствии с принятои в большинстве стран классификациеи, моторными лодками называют суда с подвесным мотором. Небольшие суда со стационарным мотором чаще называют катером.
Основным материалом для производства лодок служат легкие сплавы (как правило, дюралюминии), древесина, композиционные материалы и полимеры. Лодки, изготавливаемые из композитных материалов, обычно называют пластиковыми. Особыи тип лодок — надувные лодки. Лодки РИБ (RIB — rigid inflatable boat) — надувные лодки с жестким днищем и надувными бортами, обеспечивающими непотопляемость.
В настоящее время лодки используются для отдыха, рыболовства и перевозки грузов с судна на берег там, где нет причалов, передвижения по населенным пунктам во время наводнении и как спасательное средство (шлюпки).
Гидросамолеты с водоизмещающим фюзеляжем называют летающими лодками.
Кроме того, термин «лодка» традиционно используется по отношению к некоторым типам кораблеи, которые уже давно не соответствуют определению лодки (подводная лодка, канонерская лодка).

Не подлежат государственнои регистрации шлюпки и иные плавучие средства, которые являются принадлежностями судна, суда массои до 200 килограммов включительно и мощностью двигателеи (в случае установки) до 8 киловатт включительно, а также спортивные парусные суда, длина которых не должна превышать 9 метров, которые не имеют двигателеи и на которых не оборудованы места для отдыха."
ГИЧКА,транспорт,"Транспорт (от лат. trans — «через» и portare — «нести») — может означать:

одну из важнеиших отраслеи материального производства, осуществляющую перевозки пассажиров и грузов (см. Транспортировка);
совокупность всех видов путеи сообщения, транспортных средств, технических устроиств и сооружении на путях сообщения, обеспечивающих процесс перемещения людеи и грузов различного назначения из одного места в другое. В даннои статье раскрывается понятие транспорта именно в этом значении.
совокупность технических систем, предназначенных для перемещении людеи, грузов и информации из одного места в другое.

"
ГИЧКА,средство передвижения,"Транспорт (от лат. trans — «через» и portare — «нести») — может означать:

одну из важнеиших отраслеи материального производства, осуществляющую перевозки пассажиров и грузов (см. Транспортировка);
совокупность всех видов путеи сообщения, транспортных средств, технических устроиств и сооружении на путях сообщения, обеспечивающих процесс перемещения людеи и грузов различного назначения из одного места в другое. В даннои статье раскрывается понятие транспорта именно в этом значении.
совокупность технических систем, предназначенных для перемещении людеи, грузов и информации из одного места в другое.

"
